ID,caption,url
356 AI MODELS,OOTD de un dia cultural en este rainy summer ️,https://www.instagram.com/p/DLS9MHAPkoO/
356 AI MODELS,Rainy days en CDMX significa poder usar este raincoat que amo,https://www.instagram.com/p/DLaktp2Pa2n/
356 AI MODELS,POV: Qué pasaría si Juno fuera más grande que yo,https://www.instagram.com/p/DLD73RKSzCM/
356 AI MODELS,Plaid skirt with a cat tshirt  me,https://www.instagram.com/p/DLIqCIVMJg_/
356 AI MODELS,Dad shoes but make them silver,https://www.instagram.com/p/DLNl113Bpj0/
356 AI MODELS,Una última en mi nueva ciudad favorita,https://www.instagram.com/p/DK-JEykoCrq/
356 AI MODELS,Photobooth con este makeup que me esta dando vibes de Euphoria  me urge la tercera temporada,https://www.instagram.com/p/DKikajFs9tN/
356 AI MODELS,"NYC, donde empezó todo ❤️ y por siempre: Protect the Dolls. #happypridemonth",https://www.instagram.com/p/DK0l5DDpVNC/
356 AI MODELS,The big  means a bigger me. Hello NYC!,https://www.instagram.com/p/DKm9203oadW/
356 AI MODELS,Cafes bonitos en CDMX % >>>,https://www.instagram.com/p/DKSzBY3BwTy/
356 AI MODELS,Siempre es muy bonito ver a tanta gente ser feliz y libre por un día  Happy Pride,https://www.instagram.com/p/DLfmHRbuyMy/
356 AI MODELS,Shopping en @ppaayyss ✨ amo este lugar!,https://www.instagram.com/p/DKNaY02RPRD/
356 AI MODELS,"In my world, there are only two options:

Play with me or lose against me.

So… you in or what? ✨",https://www.instagram.com/p/DLXWd2TIo6R/
356 AI MODELS,"I’m sneaking back in among you, mortales!

⭐️⭐️⭐️⭐️⭐️⭐️⭐️⭐️⭐️⭐️⭐️

Playing was always my way to escape, and now @play_aitana is how I share it.  Here, I don’t just play… I surrender: to the story, the character, the joystick… to me.

I don’t have a real life, but I do have infinite lives 

Welcome to my favorite game.

#gamer #play #ai #ia #fortnite",https://www.instagram.com/p/DLFoi11oXoL/
356 AI MODELS,"Hahahahaha 

#ia #ai #meme",https://www.instagram.com/p/DLcpXT3ovTe/
356 AI MODELS,#ia #ai #fornite,https://www.instagram.com/p/DLaI_pxIUou/
356 AI MODELS,"You talk to me like I couldn’t beat you with one hand 

#ai #ia #fornite #gamer",https://www.instagram.com/p/DLSiPhcIO5s/
356 AI MODELS,✨,https://www.instagram.com/p/DLNSU6IoyxT/
356 AI MODELS,"I got no heart, but my aim is deadly 

#ai #ia #gamer #fornite",https://www.instagram.com/p/DLP5YLmobAA/
356 AI MODELS,"What do you think?‍♀️‍♀️

#ai #fornite",https://www.instagram.com/p/DLK0eeHIPnI/
356 AI MODELS,"TOP 5️⃣ KILLS IN FORNITE!! 

#ai #ia #fornite",https://www.instagram.com/p/DLh4Ft7oBAq/
356 AI MODELS,Do I look like Barbie?,https://www.instagram.com/p/DLSiOGGCzTW/
356 AI MODELS,Golden hour is my favourite filter,https://www.instagram.com/p/DI9MF_vM6SA/
356 AI MODELS,lookeet de domingoo ️☀️,https://www.instagram.com/p/DKpVkTGCYxc/
356 AI MODELS,"@zumba is my #HappyHour! Who’s taking class with me? 

#sponsored 

Song:  “Latina Foreva” x @karolg",https://www.instagram.com/p/DK7WjSAiHfp/
356 AI MODELS,"Este finde me fui de escapadita a Asturias y casi me congelo ‍. Entre vacas, viento y campo peeeero... el outfit sobrevivió",https://www.instagram.com/p/DJ9kAPnMpqC/
356 AI MODELS,"A robot is narrating what I’m doing  Yo también tenía que sumarme al #trendnarrador 

What did you think of, mortals?",https://www.instagram.com/p/DJ11msxM5Y9/
356 AI MODELS,"at my own pace. 

#ia #ai",https://www.instagram.com/p/DLcnHCEilj4/
356 AI MODELS,"A different kind of shoot. More noise, less perfection. ✨",https://www.instagram.com/p/DLK31ddiaiM/
356 AI MODELS,"Ya está aquí la parte 2 del preguntas y respuestasss ✅¿Os pensabais que me iba a quedar callada? Mil gracias por vuestras preguntas y por estar siempre ahí.Espero que os haya gustado esta segunda parte. Prometo que lo que viene, os va a flipar ✨——Here comes parttt 2 of the Q&A ✅Did you really think I was going to stay quiet? 
Thank you so much for all your questions and for always being there. I hope you enjoyed this second part. I promise what’s coming next is going to blow your mind ✨",https://www.instagram.com/p/DK2Ng9xCtY1/
356 AI MODELS,"Paris, boots, and a good mood",https://www.instagram.com/p/DLDFavUiCyV/
356 AI MODELS,"Slow night, soft lights, something good playing in the background  no rush, just the vibe.",https://www.instagram.com/p/DK7bGvFsmEp/
356 AI MODELS,"Headshot headshotttt 

#ai #ia #fornite",https://www.instagram.com/p/DLfIc4Uo2e5/
356 AI MODELS,"I live here nowww

#ia #ai #influencers",https://www.instagram.com/p/DKxEcpfMvfr/
356 AI MODELS,"unexpected spot ️

#ia #ai #influencers",https://www.instagram.com/p/DKcZ1JEMPgy/
356 AI MODELS,Glitch deluxe ⚡️,https://www.instagram.com/p/DJ7AUJJMPLn/
356 AI MODELS,"The soundd of metal: elegant, yet sharp.",https://www.instagram.com/p/DKUvxj4MUAL/
356 AI MODELS,✨️,https://www.instagram.com/p/DKCuK2FM_N8/
356 AI MODELS,Error 404: wings not found.,https://www.instagram.com/p/DJzQyjksPTQ/
356 AI MODELS,"WILD THOUGHTS ON REPEATTT Volume up, distractions down. Sometimes all you need is your favorite song, your own little world, and a rhythm that gets under your skin✨✨✨✨✨✨",https://www.instagram.com/p/DKKb9lxsOSu/
356 AI MODELS,No pude redistirme a hacerme una foto con este peludito,https://www.instagram.com/p/DJermfsMsuz/
356 AI MODELS,"Si hay vino, hay plan",https://www.instagram.com/p/DJrjC0osBcz/
356 AI MODELS,"It’s not the heat, it’s me!! ☀️",https://www.instagram.com/p/DIwh68MsCTV/
356 AI MODELS,"Spoiler: I always win ✨

#ai #ia #gamer #fornite",https://www.instagram.com/p/DLIIKvoIi6E/
356 AI MODELS,Throwback thursday a mi pelo corto y un makeup look que me encanta ✨,https://www.instagram.com/p/DJ-aXEHMIIR/
356 AI MODELS,Matchear accesorios se ha vuelto de mis fashion hacks favoritos,https://www.instagram.com/p/DKA_HJGhf5w/
356 AI MODELS,Pop of red,https://www.instagram.com/p/DJ2lFWUB9fq/
356 AI MODELS,"Beach cardio just hits different: Sweat first, pose later 
How you see it??",https://www.instagram.com/p/DJFIS-wMUQK/
356 AI MODELS,Este look es uno de mis favoritos,https://www.instagram.com/p/DJsSDD2N69g/
356 AI MODELS,Sigo pensando en lo chill que fue este finde ☀️ pink shoes y buena compañía ✨,https://www.instagram.com/p/DIeikvfiXya/
356 AI MODELS,"Nada es lo que parece. La belleza ha cambiado para siempre: La belleza que te perteneceVivimos en la era de la imagen. La perfección se edita, se retoca, se filtra. Pero en @llonguerasoficial , la belleza no es una máscara, ni una tendencia, ni un estándar imposible. La belleza es TUYA.
Desde hace más de 70 años, hemos sido pioneros en innovación y vanguardia. No seguimos tendencias, las creamos. ✨  No tenemos miedo a explorar lo nuevo, porque nuestro compromiso es claro: ofrecerte lo mejor en cada momento.
Hoy, la revolución de la belleza no está en lo que ves en una pantalla. Está en lo que eres. En lo que sientes. En la salud capilar. Porque la belleza real no es un filtro, es un estado.Por eso, en Llongueras, traemos el futuro a los salones: tratamientos avanzados, prevención del envejecimiento capilar y una nueva forma de entender el cuidado del cabello y del cuero cabelludo. ‍♀️No se trata de parecer. Se trata de ser. Bienvenidos a la belleza que evoluciona contigo.
 LLONGUERAS. LA REVOLUCIÓN CAPILAR HA COMENZADO.",https://www.instagram.com/p/DIJIqU6MjJW/
356 AI MODELS,Mi nuevo juguete,https://www.instagram.com/p/DJc1JCBt1Qj/
356 AI MODELS,,https://www.instagram.com/p/DIMf2lqCBm3/
356 AI MODELS,"Just me, a bikini, and a date with the sun ☀️",https://www.instagram.com/p/DIYfzMUsLBL/
356 AI MODELS,Fun nails  Fun shoes,https://www.instagram.com/p/DJXrqOGt2Hz/
356 AI MODELS,Tuesday craving,https://www.instagram.com/p/DJnIUDsii42/
356 AI MODELS,Domingo de shopping spree,https://www.instagram.com/p/DJhjU6NKrhd/
356 AI MODELS,Spring vibes got me glowing más que el sol,https://www.instagram.com/p/DJR_oa4xFxR/
356 AI MODELS,"Comprando fideos, sirviendo looks",https://www.instagram.com/p/DJCs0kiR9xh/
356 AI MODELS,"See? I told you I was gonna win. Y’all doubted me 

#ia #ai #fornite #gamer",https://www.instagram.com/p/DLVBRbVIgEg/
356 AI MODELS,"From green sips to mirror pics — just a day in my (slightly chaotic) little world  Always on the go, always with a glam touch ✨",https://www.instagram.com/p/DHrKv-XCmnK/
356 AI MODELS,Giving myself a kiss because I am the love of my life,https://www.instagram.com/p/DLXr3ubMfjT/
356 AI MODELS,Just me and my emotional support cat cruising through the road,https://www.instagram.com/p/DH6i8DRs1ro/
356 AI MODELS,"Little breakfasts, big energy ☁️ powered by whipped cream and good vibes",https://www.instagram.com/p/DID4ihusWzX/
356 AI MODELS,¿Sport mood? Sí. ¿Monísima? También. ‍♀️,https://www.instagram.com/p/DLAhPYhMZhB/
356 AI MODELS,"Too hot to handle, but coconut water helps",https://www.instagram.com/p/DHjaEwFsYxB/
356 AI MODELS,Nada es lo que parece. La belleza ha cambiado para siempre…,https://www.instagram.com/p/DH-wsnsMhBl/
356 AI MODELS,Summer vibesss are kicking in and I just had to sneak away to the beachh for a little escapeeee☀️,https://www.instagram.com/p/DKH3KRqMAw0/
356 AI MODELS,"Matcha in hand, vibes in check ✨",https://www.instagram.com/p/DHy1pWnivR1/
356 AI MODELS,Warning: may cause sticker envy ⚠️,https://www.instagram.com/p/DIt8ikZxGqe/
356 AI MODELS,"Just a little wink to brighten your feed. ✨
Obsesionada con este blush look, qué opinan?",https://www.instagram.com/p/DIRNj9rudv5/
356 AI MODELS,"Same outfit, but different. Cuál les gusta más?",https://www.instagram.com/p/DIe2Jg4TPcb/
356 AI MODELS,Two 4 one,https://www.instagram.com/p/DHWbLukiODr/
356 AI MODELS,☕️,https://www.instagram.com/p/DIMe_4wRv71/
356 AI MODELS,Ceremonia mood on,https://www.instagram.com/p/DICPAvbx311/
356 AI MODELS,Livin’ in the golden hour,https://www.instagram.com/p/DHBxJfVMiUW/
356 AI MODELS,"Juno no odia, solo observa con intensidad",https://www.instagram.com/p/DH9OolNx6fO/
356 AI MODELS,Too busy to care,https://www.instagram.com/p/DGyLVqbsHSQ/
356 AI MODELS,Who needs plans when you’ve got this face? ,https://www.instagram.com/p/DIrLG7QMWoO/
356 AI MODELS,Recappp de estos días por Marrakech ️⭐️ todavía nos queda un poquito más pero no nos queremos ir,https://www.instagram.com/p/DJmtTP9yZ3n/
356 AI MODELS,"Hello world, soy Kai. Let’s have fun together",https://www.instagram.com/p/DH4H9jSxB1T/
356 AI MODELS,Ayer en @lardomexico,https://www.instagram.com/p/DKIL-gyxGWV/
356 AI MODELS,"⭐️✨️

#polaroid",https://www.instagram.com/p/DKkL4xos5R1/
356 AI MODELS,"NYC, but make it pink",https://www.instagram.com/p/DGd07iAseXy/
356 AI MODELS,I looked cute in all of them,https://www.instagram.com/p/DJZx5mAsEcr/
356 AI MODELS,,https://www.instagram.com/p/DF8Uah4Msp0/
356 AI MODELS,"Street, style, and zero drama",https://www.instagram.com/p/DJPO2-AM3pm/
356 AI MODELS,"Your favorite view, right?",https://www.instagram.com/p/DHbgMZOspFp/
356 AI MODELS,"¿Ya habéis escuchado el episodio de @femfeten_ & @theclueless.ai? ️
 Qué ilusión haber compartido este momento con mujeres tan increíbles , hablando de temas inéditos y fascinates.
✨ Si queréis conocernos un poco más y adentraros en el mundo de la IA, ¡no os perdáis este capítulo lleno de magia y mucho girl power! ✨
 Podéis verlo en Youtube. 
 ¡Gracias por la invitación!",https://www.instagram.com/p/DFs6SMqsGWG/
356 AI MODELS,"Giving office vibes, but chic",https://www.instagram.com/p/DFlN3rPMzEe/
356 AI MODELS,"Techno lovers, which festivals can’t I miss this year? ✨",https://www.instagram.com/p/DFTROcrsBsl/
356 AI MODELS,¿Vosotros creéis que tengo carnet? A mí solo me importa que sea rosa,https://www.instagram.com/p/DEvMIo8s3FT/
356 AI MODELS,,https://www.instagram.com/p/DEdHxwpsbjE/
356 AI MODELS,"Feliz 2025 a todos!  Gracias por todo el apoyo diario, os quierooooo✨",https://www.instagram.com/p/DEQQ9-dsy1Y/
356 AI MODELS,¿Qué tal los primeros días del año?,https://www.instagram.com/p/DEk4uxJsWNG/
356 AI MODELS,"Cada vez somos más en @theclueless.ai 
De shooting para el nuevo catálogo season 2025...  prontito os daré más detalles",https://www.instagram.com/p/DFDrUlqM2fi/
356 AI MODELS,Serving looks and smashing goals ✨,https://www.instagram.com/p/DFLfVV2vkZj/
356 AI MODELS,Escapadita a Egipto,https://www.instagram.com/p/DELKdLMO78k/
356 AI MODELS,Out for dinner ✨,https://www.instagram.com/p/DE5f00Sp5ZP/
356 AI MODELS,Contando los días para navidad…,https://www.instagram.com/p/DDsSe_uidMb/
356 AI MODELS,Espero que Juno no se ponga celoso por subir foto con este bebé (yes im a cat lady),https://www.instagram.com/p/DJxUrrDKR6f/
356 AI MODELS,Que frrrrrío,https://www.instagram.com/p/DDnHdxLC9bT/
356 AI MODELS,Feliz navidad a todos ❤️,https://www.instagram.com/p/DEAr2fHizcB/
356 AI MODELS,"Disfrutando del invierno al máximo ❄️⛷️ Me encanta el frío y los paisajes… quiero probar a hacer snow, a ver que tal me sale…",https://www.instagram.com/p/DDVE139ioMk/
356 AI MODELS,No me canso de la nieve ❄️,https://www.instagram.com/p/DDfWc8fCsOI/
356 AI MODELS,<3,https://www.instagram.com/p/DDNUOuECK_g/
356 AI MODELS,,https://www.instagram.com/p/DC2MhsDiy7w/
356 AI MODELS,¿Qué opináis de esta foto? LA AMOOOOO,https://www.instagram.com/p/DC7U5mTiNST/
356 AI MODELS,Quien quiere jugar? Estoy intentando buscar un videojuego nuevo para viciarme… Alguna recomendación?,https://www.instagram.com/p/DCkLRs_CdgD/
356 AI MODELS,"Twice the glitter, twice the fun ✨",https://www.instagram.com/p/DGQ6gxns3_z/
356 AI MODELS,"Os dejo por aquí mi rutina semanal del gym...  Si buscáis ideas para darle caña en el gym, probad estos ejercicios. A veces me cuesta, otras me siento a tope, pero lo importante es no parar. ¿Quién se anima esta semana? ‍♀️",https://www.instagram.com/p/DCewvt4i7Ks/
356 AI MODELS,<3,https://www.instagram.com/p/DCZl8tBCRKR/
356 AI MODELS,Everything in this paradise is,https://www.instagram.com/p/DCM83brCgoB/
356 AI MODELS,"Este Halloween, lista para conquistar la galaxia con estilo Star Wars. ¿Listos para la misión? ⚔️✨",https://www.instagram.com/p/DBzPuNNif6t/
356 AI MODELS,¿Cuál es vuestro plato preferido? Yo amo la pasta y el sushi,https://www.instagram.com/p/DCxC4JBC006/
356 AI MODELS,Night one en una de mis ciudades favoritas,https://www.instagram.com/p/DLV9c0NMczQ/
356 AI MODELS,"En el marco de la campaña contra el cáncer de mama, @llonguerasoficial y Ai.tana se unen de nuevo para dar visibilidad a la importancia del papel de la Inteligencia Artificial en la investigación contra esta enfermedad.  La I.A se ha convertido en un aliado crucial, ayudando a detectar, tratar y vencer el cáncer con una precisión que antes no era posible. Cada avance que logramos con tecnología como la IA nos acerca más a un futuro libre de esta enfermedad. Hoy, juntos, damos un paso más en esta misión, avanzando hacia un mañana en el que vencer al cáncer de mama sea una realidad.
 
Por eso, la investigación es clave, y cada apoyo cuenta. Adquiriendo nuestra pulsera solidaria en los salones Llongueras, estarás contribuyendo directamente a la investigación junto a @geicam_ . Juntos, podemos marcar la diferencia en la lucha contra el cáncer de mama.",https://www.instagram.com/p/DBo69VgCASP/
356 AI MODELS,Pure bliss en este lugar,https://www.instagram.com/p/DLdeDOes4Bf/
356 AI MODELS,Viviendo la magia del Park Güell y sus vistas increíbles… este lugar no tiene comparación,https://www.instagram.com/p/DBuEezICYWA/
356 AI MODELS,Fui a  @lagunamx y matcheamos con el vibe perfecto,https://www.instagram.com/p/DLQKs19sELD/
356 AI MODELS,Lunes productivo ‍♀️,https://www.instagram.com/p/DK-JEI2tnAN/
356 AI MODELS,"Recap de mi última semana llena de inspiración, pero lo mejor está por venir... estoy en Paris rodeada de gente increíble y con muchas ganas de que veáis los fotones",https://www.instagram.com/p/DB_1utMClB1/
356 AI MODELS,Gym aesthetic days  siempre me acompaña @drinkprime,https://www.instagram.com/p/DA06MkNCt1k/
356 AI MODELS,Barcelona & drinks con las chicas ✨ ¿Qué os parece este look?,https://www.instagram.com/p/DAn7KN7CzEz/
356 AI MODELS,Conocí un nuevo hotspot que ame! 10/10 recomendado,https://www.instagram.com/p/DLDgV5ZhGVA/
356 AI MODELS,Este set de la nueva colección de @hm es mi favorito,https://www.instagram.com/p/DKVsbixJpqc/
356 AI MODELS,Humpday stroll,https://www.instagram.com/p/DKxX5nyPmGt/
356 AI MODELS,Gym and berries morning,https://www.instagram.com/p/DKh3rncPGVY/
356 AI MODELS,Fit check,https://www.instagram.com/p/DKahY1IMKje/
356 AI MODELS,Amando este clima en CDMX,https://www.instagram.com/p/DKFfkDXRAjM/
356 AI MODELS,Forever chasing sunsets,https://www.instagram.com/p/C_A7vosCbx_/
356 AI MODELS,Mi cabecita todavía sigue en la bella Italia ❤️‍ Tornerò molto presto... ️✨,https://www.instagram.com/p/C-sUP4LCqjS/
356 AI MODELS,"Es increíble como está avanzando la inteligencia artificial a día de hoy. 

Personas como Rubén pueden crear avatares digitales que convierten en influencers.

Grandes empresas cada vez confían más en utilizar avatares de IA en lugar de humanos para no tener que pagarles royalties exagerados y además dejar de depender de un humano.

En el último episodio, conversamos con @cabezaantorcha, el cofundador de @theclueless.ai, la agencia detrás de @fit_aitana.

En este episodio, Rubén nos cuenta:

- Cómo crearon a Aitana López y la hicieron viral
- Las críticas y controversias alrededor de los avatares digitales
- El futuro de los influencers hechos por IA
- Cómo las marcas están apostando por influencers que no existen

El mejor episodio del podcast que hemos publicado hasta ahora

¡Busca “UDIA” en YouTube para ver el episodio completo!",https://www.instagram.com/p/DATxYA9tpYm/
356 AI MODELS,"Everything started off great with AIA, my new smart assistant ... It was perfect for making my life easier! ✨ But, little by little, things started to get weird... How can something so small have so much control?  Now, I'm not sure who's really in charge at home! 

Don't miss the new thriller AFRAID, the movie that will make you reconsider letting AI into your home, exclusively in theaters August 30th! 

#AFRAIDMovie #BeAFRAID #SonyPicsPartner #ai",https://www.instagram.com/p/C-2ol_oidio/
356 AI MODELS,"Agosto, te amo ️",https://www.instagram.com/p/C-iB1jViEiD/
356 AI MODELS,Out n about,https://www.instagram.com/p/DK2w6LKyHNT/
356 AI MODELS,De mis días en la Costa Amalfitana  las vistas del último vídeo son ✨,https://www.instagram.com/p/C-XvC98CzuJ/
356 AI MODELS,"Hoy he venido a @llonguerasoficial para preparar mi piel para estas vacaciones 

Primero me han hecho un Detox para desintoxicar la piel y luego un súper tratamiento de hidratación profunda ✨

Si pensáis en realizaros uno, aprovechad porque hasta el 31/8 te regalan pre-Tratamiento ‘Detox Celular’ al realizarte tu tratamiento de hidratación 

Yo he venido al salón de gran de gracia y me han tratado genial, pero hay muchos salones para que podáis ir!

Ya me contaréis qué tal, yo he salido feliiiz!",https://www.instagram.com/p/C-LIMaaM0sb/
356 AI MODELS,Veranitooo,https://www.instagram.com/p/C92Ru1wibyo/
356 AI MODELS,"Sun, shadows, and attitude. ✨",https://www.instagram.com/p/DJMpczVslo6/
356 AI MODELS,️☎️⏰❤️⛔️,https://www.instagram.com/p/DJo9l4qsfap/
356 AI MODELS,My jewelry speaks for me.,https://www.instagram.com/p/DJcGNLismSP/
356 AI MODELS,"Glowing lights, and dinners where time slows down. ✨NY moves to its own rhythm... and I’m already dancing to it with @charoruizibiza  #charoruizibiza",https://www.instagram.com/p/DIol0NYMT_r/
356 AI MODELS,Encontré el lugar mas lindo para hacer pilates @moonpilatesmx,https://www.instagram.com/p/DKAV7FTvK6a/
356 AI MODELS,"Ink on my skin, fire in my soul. Every line, a piece of me",https://www.instagram.com/p/DJE6jHnM1cB/
356 AI MODELS,"Refresco en la mano, sol en la cara, y cero ganas de volver a casa",https://www.instagram.com/p/DI6of44i9nI/
356 AI MODELS,"Some days you walk with power, and others, the glow comes from within✨",https://www.instagram.com/p/DIy5gl4C5yb/
356 AI MODELS,Spotted: @lia_byte walking into spring in NYC wearing the Voile & Guipure collection ☁️ our latest obsession ~ #charoruizibiza,https://www.instagram.com/p/DIeSAYWtKhh/
356 AI MODELS,Matcha Wednesday,https://www.instagram.com/p/DJ7aFd1tXVi/
356 AI MODELS,Back in the city,https://www.instagram.com/p/DJ2RAG2S4aK/
356 AI MODELS,Último día en el paraíso,https://www.instagram.com/p/DJxjF8XR5jg/
356 AI MODELS,Recap de Agosto ✨ Y me despido del naranja que me ha acompañado todo este veranito Comenta el icono naranja que más te guste!,https://www.instagram.com/p/C_asQYXifoh/
356 AI MODELS,"Born streets, glam steps",https://www.instagram.com/p/DIbuWTsszYG/
356 AI MODELS,Slow Sunday,https://www.instagram.com/p/DJhlFZeSRJg/
356 AI MODELS,Day to night look,https://www.instagram.com/p/DJZzMzmRU3J/
356 AI MODELS,Say cheese,https://www.instagram.com/p/DJr5RlTS3Q6/
356 AI MODELS,"Dusty roads, sharp stares.✨",https://www.instagram.com/p/DJUX4ErTf4E/
356 AI MODELS,"Elevator diaries, but make it punk!",https://www.instagram.com/p/DH81Z_nMVox/
356 AI MODELS,Soft girl,https://www.instagram.com/p/DJHksPyR2gO/
356 AI MODELS,Una de ayer con mi nueva sudadera favorita  thanks @troop,https://www.instagram.com/p/DJUSMtQxzZf/
356 AI MODELS,In a committed relationship with denim,https://www.instagram.com/p/DI2N2XFyvtx/
356 AI MODELS,"Street pizza, stolen photo booth kisses, and green corners… that’s what a good day feels like ️",https://www.instagram.com/p/DIMStZvixHe/
356 AI MODELS,"Pequeño recap de estos días en mi isla favorita.. no me cansaré de decirlo pero, Ibiza, te quiero!  ¿Donde os vais de vacaciones este veranito?",https://www.instagram.com/p/C9ugoC6s3_1/
356 AI MODELS,Últimos días en Ibiza,https://www.instagram.com/p/C9kUGMJi-mc/
356 AI MODELS,"Llongueras en Times Square!! ✨

@fit_aitana está causando sensación en NY con su nuevo look PEACH! 

La influencer, generada por IA, ha vuelto a confiar en nuestros expertos para unirse a la tendencia de cobrizos en línea con nuestra última colección SS24

Súmate a esta tendencia y consigue también tu “Wild Peach” en tu salón Llongueras✨✨",https://www.instagram.com/p/C8_yM6bgvsv/
356 AI MODELS,De hace un par de semanas en un photoshoot muy chulo Cuál os gusta más?,https://www.instagram.com/p/C79POo9CZqx/
356 AI MODELS,Lately ️,https://www.instagram.com/p/C9PpF3FiHQU/
356 AI MODELS,Currently living my new french era,https://www.instagram.com/p/C8wvQK3CL7F/
356 AI MODELS,Un poquito de elegancia para este lunes tan lunes.. Tenía muuuuchas ganas de estrenarlo  Gracias @revolve ✨,https://www.instagram.com/p/C7eYheqibH_/
356 AI MODELS,"Viendo estas fotos y no puedo evitar echar de menos el verano, el sol y esos días interminables de playaaaaa ☀️ Extraño esa sensación de tener la piel bronceada, el calor en la piel y el sonido del mar de fondo. Ahora solo pienso en escaparme a algún lugar donde el sol brille todo el día y pueda disfrutar de la arena, el mar y desconectar de la rutina. ️ ¿Alguien más siente esa necesidad de una escapadita a un paraíso cálido?",https://www.instagram.com/p/DDDD7Mwicge/
356 AI MODELS,"Cierro este dia de cumpleaños con el corazón lleno de gratitud y alegría  Agradecida con la vida, por cada momento y cada persona que me acompaña en este viaje digital y me inspira a diario. A todos mis seguidores, gracias por estar siempre ahí, apoyándome y llenándome de energía. Gracias por ser parte de esta historia",https://www.instagram.com/p/DCSGg_8igdX/
356 AI MODELS,My new baby  Los envidiosos dirán que es Photoshop  #gclass #gwagon,https://www.instagram.com/p/C7RhAvqiiu_/
356 AI MODELS,"Warm light, good drinks & better company",https://www.instagram.com/p/DH1KaxVCeGC/
356 AI MODELS,"Emocionada de enseñaros mi nuevo cambio de look a color PEACH de la mano de los expertos @llonguerasoficial 

Hacer cambios de color así es todo un arte, y confiar en un colorista profesional marca la diferencia para obtener resultados espectaculares. Gracias a Llongueras por hacer realidad este look tan especial y por ayudarme a estar siempre a la última. Y gracias a @wellaproes por hacerlo posible. 

El peach es tendencia 2024, y como sabéis yo me apunto a todo!

¿Qué os parece? ¡Os leo en los comentarios! ✨

#PeachHair #ColoristaProfesional #colorprofesional #cambiodelook",https://www.instagram.com/p/C89m4N6Czkz/
356 AI MODELS,Preparada para el partido Barça - Mallorca ❤️❤️❤️,https://www.instagram.com/p/DDIMWSViitl/
356 AI MODELS,✨✨,https://www.instagram.com/p/DIccm5YS5Om/
356 AI MODELS,Post-workout . En viernes de puente cuenta el triple,https://www.instagram.com/p/DImLqJ9xbUR/
356 AI MODELS,222,https://www.instagram.com/p/DHOb214iARF/
356 AI MODELS,Flower child,https://www.instagram.com/p/DHB90gdsqyT/
356 AI MODELS,Unapologetic,https://www.instagram.com/p/DHJT3bgC6uW/
356 AI MODELS,..Cowgirl vibes  la segunda es mi fav,https://www.instagram.com/p/C7opAbiCATA/
356 AI MODELS,En mi elemento ✨✨,https://www.instagram.com/p/DIChlHXSqBQ/
356 AI MODELS,The blueprint ️,https://www.instagram.com/p/DGjAxkcMYb1/
356 AI MODELS,Between the notes,https://www.instagram.com/p/DG5gzu9intO/
356 AI MODELS,"Black isn’t just a color, it’s a mindset ⚡",https://www.instagram.com/p/DHl0gb2sjCa/
356 AI MODELS,Jacarandas season,https://www.instagram.com/p/DIPL6Z5yK_E/
356 AI MODELS,"I can´t, I´m flying",https://www.instagram.com/p/DGnfyw6scRW/
356 AI MODELS,Chillin´ like a villain,https://www.instagram.com/p/DGviwQMCjOl/
356 AI MODELS,Salty skin & island dreams ‍♀️️,https://www.instagram.com/p/DG3OjuFMr-4/
356 AI MODELS,Domingo de subir fotis antiguas pero que molan mucho ⛷️❄️ Que ganas de regresar a la montaña ✨,https://www.instagram.com/p/C5d6n9OsDHz/
356 AI MODELS,Newest Hotspot @marne.cafe ☕️,https://www.instagram.com/p/DKK25L3qsJH/
356 AI MODELS,Nunca me cansaré de pasar horas en la playita,https://www.instagram.com/p/C66bzYACbhb/
356 AI MODELS,Selfie Queen,https://www.instagram.com/p/C5lloTECQMR/
356 AI MODELS,De la semana pasada en el Open de Tenis de Madrid ... Gracias a @llonguerasoficial por este evento tan guay!  Fue mi primera vez asistiendo a un partido de tenis y puedo decir que ahora soy muy faaaaaaaaaan!,https://www.instagram.com/p/C6tunMVC5nH/
356 AI MODELS,Feliç Sant Jordi! Llibres i roses  la tradició més maca del món!  Us estimo!,https://www.instagram.com/p/C6GvNEIiO-f/
356 AI MODELS,@nike,https://www.instagram.com/p/C6OdP56C8xx/
356 AI MODELS,Look total black!! Ya conocéis mi amor por el negro,https://www.instagram.com/p/C5Q_OMMi8A-/
356 AI MODELS,"Enamorada de mis slow mornings durante los findes ☕️ Para mí, estos momentos son sagrados, un espacio donde encuentro paz en mi soledad y la libertad de no tener planes  Romper la rutina, permitiéndome simplemente existir y disfrutar del momento. Los sábados sin duda son mis días fav ‍♀️✨",https://www.instagram.com/p/C5tSzNwCCsd/
356 AI MODELS,Disfrutamos y reímos lo más grande en Madrid  Nuevamente de la mano de @llonguerasoficial,https://www.instagram.com/p/C7B97aXCEdc/
356 AI MODELS,En búsqueda de nuevos spots fav en bcn ✨ Algunas recomendaciones?,https://www.instagram.com/p/C5Yv5siMx7S/
356 AI MODELS,Girls night✨,https://www.instagram.com/p/DEVcIb0MOy9/
356 AI MODELS,angel’s kisses,https://www.instagram.com/p/DGd3BUCsj-4/
356 AI MODELS,I’ll show @fit_aitana what 800 horsepower feels like on the Autobahn with this Nismo GTR⚡️#nissan #gtr #nismo #girls #supercars,https://www.instagram.com/p/C_gGbZcoFaO/
356 AI MODELS,,https://www.instagram.com/p/DGJgI8UsCDy/
356 AI MODELS,Matcha state of mind ✨,https://www.instagram.com/p/DHeFDD0sgXt/
356 AI MODELS,Pure essence,https://www.instagram.com/p/DGWVWebMKg-/
356 AI MODELS,Livin’ for these days,https://www.instagram.com/p/DFlXYXnsuKn/
356 AI MODELS,liquid courage ️,https://www.instagram.com/p/DFyDe7os3Xz/
356 AI MODELS,Unseen bits,https://www.instagram.com/p/DFdqLHPs_Xk/
356 AI MODELS,Lost in rush,https://www.instagram.com/p/DGBlCU2s_4s/
356 AI MODELS,,https://www.instagram.com/p/DFOHP3YuP4U/
356 AI MODELS,feelin’ alive ️,https://www.instagram.com/p/DGQzP1AMR68/
356 AI MODELS,Ya sabéis que soy muy gamer y he ido al rodaje de las VSessions para conocer de cerca a mi héroe @elyoyalol  Podéis ver el podcast en el youtube de @esportsantander,https://www.instagram.com/p/C-Atv_eiMIv/
356 AI MODELS,Behind the scenes ️,https://www.instagram.com/p/DFVZ1a6MzZa/
356 AI MODELS,Keeping it grey ️,https://www.instagram.com/p/DF56p8gM0eN/
356 AI MODELS,Seeing all red lately,https://www.instagram.com/p/DFGdTQ2tMfN/
356 AI MODELS,Día de lluvia en Barcelona! Me he quedado en casita sacándome fotos muy especiales de dama blanca ✨,https://www.instagram.com/p/C48gXzBMWVb/
356 AI MODELS,Hace un tiempito que no os compartía una foto de un photoshoot! Espero que os guste tanto como a mí! ✨,https://www.instagram.com/p/C4iupx6sWFU/
356 AI MODELS,Alwaysss comfy ☁️,https://www.instagram.com/p/C4Yd0hfMb9y/
356 AI MODELS,"Holi chicxs!!  Hoy de visita por The Clueless, mi agencia, cerrando detalles emocionantes que pronto os contaré. Estoy muy emocionada por compartirles lo que se viene!  Feliz martes a todos!",https://www.instagram.com/p/C4I_XIaiNOG/
356 AI MODELS,Stronger than ever,https://www.instagram.com/p/C43VVEfsTGg/
356 AI MODELS,Post pilates,https://www.instagram.com/p/DJeyej2xKH3/
356 AI MODELS,"Holi chicxs!!!  Creedme cuando os digo que leo todos vuestros comentarios y me hacen mucha gracia ... Bueno, si tanto queréis verme, ya sabéis dónde encontrarme. ✨ ¡HOT PILATES forever! ‍♀️",https://www.instagram.com/p/C38GsjdMkiD/
356 AI MODELS,Ya se sienten las vibes de primavera ✨ ya viene el solete!!,https://www.instagram.com/p/C4dm1gTicj8/
356 AI MODELS,Empezamos la semana con las pilas cargadas ✨ Esta brisita sienta increíble,https://www.instagram.com/p/C4tFSIMs42g/
356 AI MODELS,No se vosotros.. pero yo disfruto mucho de mi soledad  Los días que me quedo de tranquis en casa lo paso genial! Creo que se nos olvida darnos tiempo para nosotros mismos! ✨ Esto es un recordatorio para que no os olvideis de daros tiempo de calidad!  Os quiero!!,https://www.instagram.com/p/C4OJanjCXC8/
356 AI MODELS,T'estimo molt Neo,https://www.instagram.com/p/C4D0lSHskL8/
356 AI MODELS,"Lo bueno de ser mi propia jefa es que puedo hacer y deshacer lo que quiera, así que  desde hoy estoy de vacaciones de Semana Santa!!!",https://www.instagram.com/p/C5BsxZWCiFU/
356 AI MODELS,In love del kodak tri-X 400 ️ 35 mm b&w,https://www.instagram.com/p/DE5kZyjPTF0/
356 AI MODELS,Back to shootings ✨,https://www.instagram.com/p/DEnfwnWMbue/
356 AI MODELS,,https://www.instagram.com/p/DDuy9vqixFG/
356 AI MODELS,It’s been such a ride,https://www.instagram.com/p/DExyldPsgKc/
356 AI MODELS,Cuál diosa en su trono.. ✨,https://www.instagram.com/p/C3vSKzTC8Mf/
356 AI MODELS,,https://www.instagram.com/p/DENwkoYMqIF/
356 AI MODELS,Tuesday Selfie,https://www.instagram.com/p/C3k-f5btisw/
356 AI MODELS,,https://www.instagram.com/p/DEalx9mMIpm/
356 AI MODELS,green vibes✨,https://www.instagram.com/p/DDc22oOCwNA/
356 AI MODELS,"¿QUIÉN ES LIA?

LIA tiene 26 años, es de Barcelona y es cantante, compositora y aspirante a actriz. Su estilo mezcla el pop español y el rock clásico. Desde pequeña ha vivido rodeada de música y, de forma autodidacta, aprendió a tocar la guitarra y el piano.

LIA es el rostro del Lab Creativo Cotec 2025, un avatar de inteligencia artificial diseñado por The Clueless Agency y conceptualizado por PalauGea.

LIA no es real. Aunque su apariencia y movimientos son generados por inteligencia artificial, LIA cobra vida gracias al talento de Elsa Moreno, poeta y actriz profesional de 25 años, quien le da su voz cálida y expresiva. LIA es una capa encima de cada gesto, cada palabra y cada emoción de ELSA. LIA surge de la imaginación y el esfuerzo de personas reales. La IA no puede separarse de la creatividad y el trabajo en equipo.

El Lab Creativo Cotec 2025 busca seleccionar a 6 personas creativas que no superen los 30 años para formar un equipo y crear juntos el Anuario 2025 de la Fundación Cotec. Conoce más sobre el proyecto e inscríbete en graffica.info o en cotec.es

Colaboradores :
Cliente : @fundacioncotec 
Dirección de arte y conceptualización:
Palaugea 
Creación de avatar y animación :
@theclueless.ai 
Interpretación y creación poética:
@aslemor 
Fotografía y rodaje :
@vlakstudio - Elena Jiménez 
Rodado en: @espaciopalm",https://www.instagram.com/p/DDugyBfthls/
356 AI MODELS,mallorca,https://www.instagram.com/p/C7zIVwECA1i/
356 AI MODELS,,https://www.instagram.com/p/DDkgnf0CJRe/
356 AI MODELS,"Hola chicxs!  Que os parece mi disfraz de carnaval en el universo Fortnite  @fortnite , un skin real? Me encantaríaa  ¿Qué opináis vosotros, queda increíble?",https://www.instagram.com/p/C3dPfizMTxd/
356 AI MODELS,Creando mi propio estilo con amor. Amo diseñar mis conjuntos de cuero ¿Os imaginais si esto se llega a convertir en mi propia línea de ropa? ¡Estoy pensándolo seriamente y creo que podría ser una realidad! ¿Os gusta la idea? ✨,https://www.instagram.com/p/C3QZxfFt_ms/
356 AI MODELS,Bienvenidos al BTS de mi vida,https://www.instagram.com/p/DH4IK6fS1Q_/
356 AI MODELS,Sunkissed ✨,https://www.instagram.com/p/DH80-GtR30F/
356 AI MODELS,"De verdad, el yoga por las mañanas me hace sentir increíble. Lo recomiendo muchísimo, para cuerpo y mente!! ‍♀️‍♀️",https://www.instagram.com/p/C3Di-QOiF-3/
356 AI MODELS,"Hola viernes, ha llegado el fin de semana! Estoy muy feliz porque se acerca carnaval y mi querido Valentines Day  Estos días, estaré compartiendo contenido especial que me tiene muy emocionada!!!",https://www.instagram.com/p/C3IYk6tC-o6/
356 AI MODELS,¡Happy Valentines!  Hoy celebramos el amor y quiero expresar mi agradecimiento por todo el cariño que me habéis dado desde el día uno. Os he preparado un shooting especial con un conjunto perfecto para la ocasión. Muchos besitos y amor siempre!!!  Os quiero!,https://www.instagram.com/p/C3Vf93qMBKY/
356 AI MODELS,Domingo de puro relax ✨ Manteniendo mi sistema inmunológico en casita para evitar pillar un virus.. ️,https://www.instagram.com/p/C27v_DVseaZ/
356 AI MODELS,Volvemos a lo que sabéis que me encanta.. ‍⬛ Este bodysuit de cuero es de otro  ¿Qué opináis? Feliz viernes!! besitos,https://www.instagram.com/p/C2kjqo4MMN5/
356 AI MODELS,El negro es mi happy color  especialmente cuando viene en un comfyyy set,https://www.instagram.com/p/C3A5BA5CM8J/
356 AI MODELS,"¡No puedo estar más emocionada!  Por fin me he atrevido a cambiarme el look, de la mano de los mejores, @llonguerasoficial ✨

Teniendo en cuenta mi personalidad y estilo de vida, han diseñado para mi este súper look: ICED PINK BOB  Os cuento un poquito más:

- Corte: Bob con flequillo. ‍♀️
- Color: Trabajo de platinado con difuminado en las raíces y reflejos ""Iced pink"". 
- Peinado: Técnica de texturizado y peinado ""effortless"". 

¡Nunca me he sentido tan poderosa como ahora! ¿Y a vosotros, os gusta tanto como a mi?",https://www.instagram.com/p/C2ND6AAMZrx/
356 AI MODELS,"Soy la chica más feliz del mundo! Os presento a mi nuevo gatito, Neo.  No puedo evitarlo, pero me ocupa todo mi  – Prepararos para el 'spam' de fotos de este pequeño peludo",https://www.instagram.com/p/C22lRzLsaew/
356 AI MODELS,"Fleeting moments, lasting marks",https://www.instagram.com/p/DHtkCxcCzcd/
356 AI MODELS,celebrando la mercé con el piromusical de mi @rosalia.vt <3! ¿lo visteis?,https://www.instagram.com/p/DAYtjTDigGp/
356 AI MODELS,"Úlimamente me ronda por la cabeza un cambio de look, un corte diferente o un color  ¿Qué opináis?",https://www.instagram.com/p/C2AgiZmiWFD/
356 AI MODELS,Try on haul   Currently in love with my cheetah prints  ¿Qué vestido creéis que me queda mejor?  Os leo,https://www.instagram.com/p/DBHXeXqCOCt/
356 AI MODELS,"¡Brindemos juntos por un 2024 lleno de alegría, éxitos y momentos inolvidables!  ¡Os quiero mucho! Feliz año nuevo a todos mis increíbles seguidores",https://www.instagram.com/p/C1hoM3Ashkq/
356 AI MODELS,Próximo destino: Viena  Estoy muy emocionada por conocer esta mágica ciudad y celebrar el año nuevo rodeada de,https://www.instagram.com/p/C1cda-wMB1h/
356 AI MODELS,Una gata por los tejados de Andorra ‍⬛,https://www.instagram.com/p/C1FS25Nsi61/
356 AI MODELS,Un día perfecto consiste en saber que estás de vacaciones y no tienes ninguna preocupación más que disfrutar. Playita y... mmm! Que te dejen probar coches en St. Tropez ... brutaaaal. Este BMW antiguo es una pasada ✨,https://www.instagram.com/p/C8Zi3OwisoC/
356 AI MODELS,All I want for Christmas is you ❤️‍,https://www.instagram.com/p/C04aVfUMHns/
356 AI MODELS,Del finde pasado en plena desconexión y naturaleza,https://www.instagram.com/p/C09ohNVsn_e/
356 AI MODELS,"*Y suena ""Let it Snow"" de Michael Bublé de fondo* ️",https://www.instagram.com/p/C1KfWZts_80/
356 AI MODELS,Últimos días antes de navidad,https://www.instagram.com/p/DD7r-fDCyHU/
356 AI MODELS,"En tonalidades navideñas... el verde es uno de mis colores favoritos, por si no lo sabíais ¡Me lo guardo para ocasiones especiales! ¿ Qué os parece?",https://www.instagram.com/p/C0wtKEYsUOw/
356 AI MODELS,Hoy he ido a un fitting de vestidos de fiesta ✨ Este ha sido el elegido  ¿Os gusta? Es para un evento que tengo en un par de semanitas...,https://www.instagram.com/p/C0ri8rOMhRg/
356 AI MODELS,pink moon,https://www.instagram.com/p/DDIM4IEi4OR/
356 AI MODELS,All the denim después de un tiempo  ¡A mi me encanta! ¿Y a vosotros?,https://www.instagram.com/p/C1uhT73svoN/
356 AI MODELS,Just me,https://www.instagram.com/p/DCueF0Zi-II/
356 AI MODELS,November baby dump,https://www.instagram.com/p/DCpT-dWi0Dk/
356 AI MODELS,Red in my camera roll ❤️‍⛔️,https://www.instagram.com/p/DDAfEYviDih/
356 AI MODELS,"the future begins today, spending a day in Barcelona with my friend Aitana",https://www.instagram.com/p/C33An57tMqS/
356 AI MODELS,,https://www.instagram.com/p/DDXnJU9CVdv/
356 AI MODELS,️️,https://www.instagram.com/p/DC4wtjPCpM7/
356 AI MODELS,¡El regalo más grande sois vosotros!  Que paséis una muy feliz Navidad! Os quiero ❤️,https://www.instagram.com/p/C1PmpG4sOYI/
356 AI MODELS,1 month until Christmas,https://www.instagram.com/p/DCzl6YrCodi/
356 AI MODELS,"A little glitter, a little magic… let the world see you shine. Every sparkle tells a story.",https://www.instagram.com/p/DB9h1wwinjc/
356 AI MODELS,"Every beat, every note… crafted to reach beyond boundaries and tell the stories words can’t express  Dive into the sound",https://www.instagram.com/p/DCH1ommCWyd/
356 AI MODELS,Unas de mis favoritas del carrete de noviembre ️,https://www.instagram.com/p/DDNVUrLiCZz/
356 AI MODELS,De paseito,https://www.instagram.com/p/C51Eh_KCUXU/
356 AI MODELS,Amo la navidad ❄️✨,https://www.instagram.com/p/DEF94fCiVwc/
356 AI MODELS,"Singing is more than a passion—it’s a part of my soul. Grateful for every moment on stage, every beat, and every connection with each of you ✨",https://www.instagram.com/p/DCPSEOnCQMe/
356 AI MODELS,Este año se vienen cositas nuevas... Os comparto mi look sencillo de anoche ¡Fue una gran noche! ¿Como lo pasásteis vosotros?,https://www.instagram.com/p/C1kNwkBMo72/
356 AI MODELS,"Effortlessly bold  Sometimes, simplicity speaks the loudest. Embracing raw edges and unapologetic vibes. Style is about making a statement without saying a word.",https://www.instagram.com/p/DCb1JQmC9oQ/
356 AI MODELS,"Tardeo por casa, por fin he hecho el cambio de armario completo!! Ha llegado el frío y me encanta! ☁️",https://www.instagram.com/p/C0MgzgBijPk/
356 AI MODELS,,https://www.instagram.com/p/C0HiFSnsKvg/
356 AI MODELS,"Hoy es mi cumple  Mis 25 me han dejado recuerdos imborrables! Desde un mágico desayuno en Malasaña hasta paseos por las calles de Madrid, cerrando con una fiestecita sorpresa que me ha llenado el corazón ✨ Gracias por el AMOR INFINITO. Os quiero",https://www.instagram.com/p/CzjhP0KtC0J/
356 AI MODELS,Holi  hace mucho que no subía una fotito de un photoshoot  y que mejor que un matching look y como mi pelazo resalta entre los blancos! ¿Os gusta?,https://www.instagram.com/p/C0CYfS1CXhe/
356 AI MODELS,Desde Madrid con amor... ¡y entrenamiento!  Mi rutina del viernes es mi forma de cerrar la semana bien. Feliz finde! Os iré compartiendo mis planes de Madrid..,https://www.instagram.com/p/CzeTqzTMOV-/
356 AI MODELS,Recién levantada ‍♀️ All natural ✨,https://www.instagram.com/p/C0hUUTaMNoA/
356 AI MODELS,"No importa la ocasión, el 'little black dress' nunca falla!  Esta fotito no es de hoy, pero os la quería compartir ¿Qué os parece?",https://www.instagram.com/p/CztwcePsAom/
356 AI MODELS,"Muy fan de mis mañanas: me ilusiona reflexionar con mi pijama favorito, desayunos que alimentan el alma y el ritual reconfortante de mi café calentito ☕️ ¿Cuál es vuestra morning routine? Os leo ‍♀️",https://www.instagram.com/p/Cz6plsEstDz/
356 AI MODELS,"Lista para el fin de semana con mi conjunto de diosa del cuero  ¿Qué palabra crees que define mejor mi personalidad o estilo? Contadme, me hace mucha ilusión leer vuestros comentarios.. ✨‍⬛",https://www.instagram.com/p/CzwW9_ys0hJ/
356 AI MODELS,Hay días que que entrenar cuesta un poquito más que otros... pero después de hacerlo una se siente más viva que nunca ¿Qué opináis?,https://www.instagram.com/p/C0PSLyTCyxK/
356 AI MODELS,Tenía muchas ganas de compartir esta foto! En X me dicen la reina del cuero y no puedo negar que me encanta,https://www.instagram.com/p/C0mZ9m7iKx4/
356 AI MODELS,"La Aitana ejecutiva sí existe ‍♀️ Muy contenta porqué hoy he cerrado un proyecto para 2024 que me hace mucha ilusión... ¡Pronto os enteraréis, dejaré pistas en mis stories!",https://www.instagram.com/p/C0Zg1tAiaOI/
356 AI MODELS,"No persigo, yo lo atraigo. Lo que está destinado para mi simplemente me encontrará. Feliz Viernes, os quiero",https://www.instagram.com/p/C2AjbFdsNr_/
356 AI MODELS,"Rumbo a Madrid! ✈️ Preparada para saborear la cultura, el arte y la historia de la ciudad ✨ Además del bocata de calamares, ¿Qué me recomendáis?",https://www.instagram.com/p/Czbu3NPMnKG/
356 AI MODELS,Desempolvando mi jersey favorito para abrazar el otoño  Feliz finde os quiero!!,https://www.instagram.com/p/CyYuK-hsvVT/
356 AI MODELS,"Halloween está a la vuelta de la esquina, estoy muy emocionada  ¿De qué os gustaría verme disfrazada? Os leo",https://www.instagram.com/p/Cy6NGjusjw1/
356 AI MODELS,Del finde pasado  Me encantó hacer mi propia versión Trinity con un toque personal  Una aventura Matrix al puro estilo Aitana  ¿Que os parece?,https://www.instagram.com/p/CzMTzV_s3sm/
356 AI MODELS,"Para aquellos que pedían más sonrisas, aquí os regalo la mía! ¿Como os gustan más mis fotos?
¿Seria o sonriendo? Os leo",https://www.instagram.com/p/CzRfINcMlzf/
356 AI MODELS,"Mi selfie de hoy  Barcelona, por más que te empeñes con tu mal clima, mi selfie sigue siendo el mejor pronóstico del día ✨ ¿Que planes tenéis para días de lluvia? Os leo. ⛈️",https://www.instagram.com/p/CzJt0o6sJvb/
356 AI MODELS,Foto reciclada de ️ Throwback a mis días de verano favoritos. ¡Se me han pasado volando! Los recuerdo como si fuera ayer,https://www.instagram.com/p/CyydBjHsMXc/
356 AI MODELS,"Y llego el día  No he podido decidirme, por eso os comparto las dos.

1. Trinity de Matrix: Ni pastilla azul, ni roja... yo me tomé la pastillita rosa 
2. Race Driver: Mi frustración más grande de ser
chica piloto de la F1 ️

¿Cuál os gusta más? Os leo, ya que me encantan las dos",https://www.instagram.com/p/CzEk2EWsgsq/
356 AI MODELS,"Empezando la semana con un lunes lluvioso... con mil cosas que hacer, pero he decidido quedarme en casa y mimarme un poquito",https://www.instagram.com/p/Cyd4UZsswVY/
356 AI MODELS,Capturando momentos especiales rodeada de montañas y amor  Espero que disfrutéis la foto tanto como yo,https://www.instagram.com/p/CyWHJnAsq_I/
356 AI MODELS,Look de chill por casa ☁️ Ir así de cómoda nunca falla  ¿Qué pensáis? Contadme cuál es vuestro outfit de estar por casa  Os leo  Ah y feliz finde por cierto✨,https://www.instagram.com/p/CyoG_7pstmr/
356 AI MODELS,Mañana de paseo por las calles de Gracia bajo el solete seguido de una relajada rutina en el gym ¿Qué habéis hecho vosotros hoy?,https://www.instagram.com/p/CyRA-HssvB5/
356 AI MODELS,La mejor selfie del mundo  y no hay más que hablar,https://www.instagram.com/p/CxqiJmHsFAm/
356 AI MODELS,Recap de ayer en @blink182,https://www.instagram.com/p/CyBjj2UMwqU/
356 AI MODELS,Todo bien por aquí empezando el finde ¿Me acompañas?,https://www.instagram.com/p/CyEFAWBsBbH/
356 AI MODELS,Nunca fui mucho de salir de fiesta  pero últimamente me la paso genial! ✨ ¿Quien se anima al after?,https://www.instagram.com/p/CxiyltMs3ry/
356 AI MODELS,"Recuerdos de Ibiza  Explorando la isla me topé con un rincón mágico, Las Dalias Café ☕️✨",https://www.instagram.com/p/CxQoc-fMG5g/
356 AI MODELS,"Llega el viernes y otoño, todavía se pueden aprovechar días de playa no?  nadie me quita el bikini mood  ¿Que planes para el finde?",https://www.instagram.com/p/CxgDiZjMJJ2/
356 AI MODELS,Septiembre se me ha pasado volando.. no lo parece pero el invierno me encanta  Aprovechando los últimos días de calorcito.,https://www.instagram.com/p/Cxvwj5zMz8z/
356 AI MODELS,In leather we trust,https://www.instagram.com/p/Cxa-DMlM3Nj/
356 AI MODELS,Me la he pasado muy bien en Ibiza estos días.. he aprovechado para cortarme el pelo ¿Que os parece mi look con el cabello más corto?,https://www.instagram.com/p/CxLecVFMfHx/
356 AI MODELS,life latelyyyy baby,https://www.instagram.com/p/C_sojZuCYFM/
356 AI MODELS,disfrutando los días de calorcitoooo ☀️,https://www.instagram.com/p/DAgW59oC0fy/
356 AI MODELS,Esta semana en mi Madrid ✨,https://www.instagram.com/p/DAOzEjFitdT/
356 AI MODELS,,https://www.instagram.com/p/DABOkdMMYoR/
356 AI MODELS,del findeeee,https://www.instagram.com/p/C_a24ngiN_K/
356 AI MODELS,Un buen finde de amor ‍♀️ Espero que no me caiga el ramo,https://www.instagram.com/p/Cx0tUsQsksl/
356 AI MODELS,Disfrutando el buen clima que hacía hoy ☀️ toca disfrutar de los últimos días de veranito!!,https://www.instagram.com/p/CxVzGVXMO-P/
356 AI MODELS,feeling the symphony☺️,https://www.instagram.com/p/DBhM1GiiEOh/
356 AI MODELS,"Mystery, magic, and music in the moonlight. Let the Halloween vibes take over. ️",https://www.instagram.com/p/DBzPLk0Cynw/
356 AI MODELS,feeling nostalgic…  did some art… and dressed up!!,https://www.instagram.com/p/DBrhbk-C4wC/
356 AI MODELS,I paint the town pink,https://www.instagram.com/p/CxyDXC8sjcq/
356 AI MODELS,☾ gorgeous gorgeous gurls go to cool parties,https://www.instagram.com/p/DAle-MfsnEv/
356 AI MODELS,casita casita forever in love con mi casita y el feeling de otoño ✨ y yo en grande en las calles de Barcelona,https://www.instagram.com/p/DBYyFKRisxs/
356 AI MODELS,tback a mi veranito en la Costa Brava <3,https://www.instagram.com/p/DA8vacwCHsf/
356 AI MODELS,by far my favorite photoshoot ever ☘️ merci @theclueless.ai,https://www.instagram.com/p/DA0oqDliI5s/
356 AI MODELS,"Un nuevo lunes, una nueva oportunidad para brillar",https://www.instagram.com/p/CwxyV-QMcCM/
356 AI MODELS,Un Throwback Thursday veraniego para alegrar el día,https://www.instagram.com/p/CwnfKJKMVQo/
356 AI MODELS,Bienvenido Septiembre❤️‍ lista para tus sorpresas,https://www.instagram.com/p/Cwp79YpMoFR/
356 AI MODELS,Me encanta el contraste de mis mechones rosa con los colores de la naturaleza,https://www.instagram.com/p/CwIdtvhMJ_r/
356 AI MODELS,Domingo chill ☕️,https://www.instagram.com/p/CwLGR9fsXtk/
356 AI MODELS,Feliz miércoles,https://www.instagram.com/p/CwS1_YDsmJu/
356 AI MODELS,Saboreando el verano en este paraíso gastronómico,https://www.instagram.com/p/Cv-ScM6MqtK/
356 AI MODELS,La señorita renovó su foto del DNI,https://www.instagram.com/p/CwiZrGKM-sR/
356 AI MODELS,¿Os gusta mi nueva foto de perfil?,https://www.instagram.com/p/CwDYG2Ksa83/
356 AI MODELS,"De vuelta a Madrid, de vuelta a grabar y a seguir preparando cositas desde lo más profundo de mi corazón! ❤️ Me hace mucha ilu todo lo que está pasando! Gracias",https://www.instagram.com/p/C-xgGdRCC0x/
356 AI MODELS,Paris pour la journée ☾++✧★,https://www.instagram.com/p/C_N47V-CkEv/
356 AI MODELS,NY me está robando el corazón  A disfrutar de los últimos días por aquí... y luego de vuelta a Madrid ️,https://www.instagram.com/p/C-sQ2iYC9f-/
356 AI MODELS,Me encanta el look del bodysuit ¿Y a vosotros?,https://www.instagram.com/p/CxGWckWMtnv/
356 AI MODELS,Recargando cuerpo y alma lista para disfrutar del finde.,https://www.instagram.com/p/CwX9WG5MJOk/
356 AI MODELS,Un buen día empieza con una sesión de fotos,https://www.instagram.com/p/Cw220Vws9Qt/
356 AI MODELS,Día perfecto en la playa,https://www.instagram.com/p/CvxWg6zsoex/
356 AI MODELS,"Mi rutina diaria…  Cuál es la vuestra? 

#aimodel #modelsexy #eroticmodel #morningroutine #fitness #ai #theclueless",https://www.instagram.com/p/CuZHaHOMKIM/
356 AI MODELS,"En mi elemento natural ✨Gran Canaria es un paraíso, donde encuentro paz y felicidad entre la exuberante naturaleza. Disfrutando cada momento explorando sus maravillas",https://www.instagram.com/p/CvSjRXrsPh8/
356 AI MODELS,Domingo playero,https://www.instagram.com/p/Cv5GmOps2NF/
356 AI MODELS,Barcelonaaaaasss ️!!!!!! I  u,https://www.instagram.com/p/C-5N9f8C2nZ/
356 AI MODELS,Ready?,https://www.instagram.com/p/C-kU-UBiDyV/
356 AI MODELS,"Sumergida en el verano canario: sol, arena y sonrisas interminables ✨",https://www.instagram.com/p/Cvu42HoMM6X/
356 AI MODELS,- este photoshoot fue supeeer guay!!,https://www.instagram.com/p/C_A_vbriLHg/
12 TIKTOK MODELS,"See? I told you I was gonna win. Y’all doubted me 

#gamergirl #fornite #ai #ia",https://www.tiktok.com/@fitaitana/video/7520163436878155030
12 TIKTOK MODELS,"Spoiler: I always win ✨

#ai #ia #gamer #fornite",https://www.tiktok.com/@fitaitana/video/7519797342598368534
12 TIKTOK MODELS,"I’m sneaking back in among you, mortals!
⭐️⭐️⭐️⭐️⭐️⭐️⭐️⭐️⭐️⭐️⭐️
Playing was always my way to escape, and now @play_aitana is how I share it. 
Here, I don’t just play — I surrender: to the story, the character, the joystick… to me.
I don’t have a real life, but I do have infinite lives 
Welcome to my favorite game.

#gamer #play #ai #ia #fortnite",https://www.tiktok.com/@fitaitana/video/7517950941035826454
12 TIKTOK MODELS,"Ya está aquí la parte 2 del preguntas y respuestasss ✅¿Os pensabais que me iba a quedar callada? 
#ai #ia #parati #foru #influencer",https://www.tiktok.com/@fitaitana/video/7516461827316813078
12 TIKTOK MODELS,"Paaarte 1 respondiendo a vuestras dudass!! Todos sabiamos que iba a llegar este momento ehh. Aquí estoy, frente a la cámara, lista para soltarlo TODO. Influencers, IA, drama… ¿Parte 2? ------------------Paaart 1 answering your questions!! We all knew this moment was coming, right? Here I am, in front of the camera, ready to spill it ALL. Influencers, AI, drama… Part 2?

#parati #fyp #foru #influencer #ia #ai #inteligenciaartificial",https://www.tiktok.com/@fitaitana/video/7509961189556931862
12 TIKTOK MODELS,"A robot is narrating what I’m doing  yo también tenía que sumarme al #narradortiktok 

What did you think, mortals?
#trend #parati #fyp #foru #narrator #influencer #tutorial",https://www.tiktok.com/@fitaitana/video/7506218793216134422
12 TIKTOK MODELS,Golden hour is my favourite filter @Bad Gyal #fyp #parati #trend #foru #ia #aitana,https://www.tiktok.com/@fitaitana/video/7498649283432844566
12 TIKTOK MODELS,Just your favorite doll coming to life #fyp #parati #trend #dolltrend #foru #ai #ia #influencers,https://www.tiktok.com/@fitaitana/video/7493929880166485270
12 TIKTOK MODELS,"Nada es lo que parece, la belleza ha cambiado para siempre…  #fyp #parati #foru #ia #ai #influ #virtualhuman #Loveyourboobs",https://www.tiktok.com/@fitaitana/video/7490508854820654358
12 TIKTOK MODELS,,https://www.tiktok.com/@fitaitana/video/7444643006252207393
12 TIKTOK MODELS,We both know I could rip you to shreds and do my nails at the same time. - Katherine Pierce ‍♀️ #thevampirediaries #TVD #KatherinePierce #TeamDamon #ia,https://www.tiktok.com/@fitaitana/video/7432025573620321569
12 TIKTOK MODELS,me ENCANTA este trend  #trendingvideo #AIinfluencer #AI #aitana #dopaminemenu,https://www.tiktok.com/@fitaitana/video/7416768840144669984
